,school_code,school_name,school_score,students_amount
0,368276000826,COL LA QUINTA DEL PUENTE,41.904761904761905,21
1,311769003342,COL LOS NOGALES,41.657142857142865,50
2,311769000165,COL SAN JORGE DE INGLATERRA,41.31926406926407,66
3,376001013441,COLEGIO BILINGUE DIANA OESE,40.767857142857146,12
4,376001002376,COLEGIO HISPANOAMERICANO,40.69078947368422,76
5,376001002279,COLEGIO COLOMBO BRITÁNICO,40.46780684104629,71
6,376001026968,COLEGIO FREINET,40.42640692640693,33
7,308001012813,CORPORACION EDUCATIVA COLEGIO ITALIANO GALILEO GALILEI,39.90909090909091,11
8,311848000278,GIMN VERMONT                                                                                        ,39.81794425087107,82
9,368001000516,COL NUEVO CAMBRIDGE,39.791208791208796,39
10,311769000866,FUND NUEVO MARYMOUNT                                                                                ,39.68812877263581,71
11,311848002262,COL ITALIANO LEONARDO DA VINCI,39.66981132075471,53
12,376001011464,COLEGIO GIMNASIO LA COLINA,39.625,16
13,311769004292,COL SAN MATEO APOSTOL                                                                               ,39.59953161592506,61
14,311848002424,COL SAN CARLOS                                                                                      ,39.40456182472991,119
15,311769000475,ASPAEN GIMNASIO IRAGUA,39.3344155844156,66
16,417873000544,ASOCIACION COLEGIO GRANADINO,39.27380952380953,42
17,311001087288,GIMN LA MONTAÑA                                                                                     ,39.23857142857143,50
18,311769002818,COLEGIO INTERNACIONAL DE EDUCACION INTEGRAL - CIEDI,39.21212121212122,33
19,376001000276,COL BERCHMANS,39.17678571428572,120
20,311001047863,FUNDACION COLEGIO CARDENAL JHON HENRY NEWMAN                         ,39.16607142857142,40
21,308001077745,COLEGIO REAL (ROYAL SCHOOL),39.16112956810632,43
22,376001000829,LICEO BENALCAZAR,39.14437689969606,47
23,311848002351,COL SANTA FRANCISCA ROMANA,39.13801452784504,59
24,476892099710,COLEGIO INTERNACIONAL LOS CAÑAVERALES,39.0969387755102,14
25,311001002347,COL JOSE MAX LEON,39.07922077922078,55
26,308001101153,COLEGIO BRITANICO INTERNACIONAL,38.99063231850118,61
27,308001074771,COLEGIO HEBREO UNION,38.93506493506493,11
28,311001107289,GIMN ALESSANDRO VOLTA,38.845238095238095,12
29,311001105430,COL LA COLINA                                                                                       ,38.7936507936508,9
30,311769003474,COL ANDINO                                                                                          ,38.78424153166421,97
31,311001105707,COL CALATRAVA,38.74107142857142,8
32,376001043617,COLEGIO PHILADELPHIA INTERNACIONAL,38.685714285714276,40
33,311001033633,CENT EDUC Y CULT ESPAÑOL REYES CATOLICOS,38.59270516717325,47
34,425377800011,COLEGIO HACIENDA LOS ALCAPARROS,38.57816711590297,53
35,311001019568,LIC FRANCES LOUIS PASTEUR,38.55453149001536,93
36,366001004926,COL LIC FRANCES DE PEREIRA,38.50357142857142,40
37,308001073952,COLEGIO ALTAMIRA,38.44047619047618,54
38,376001001221,COL BOLIVAR,38.42624223602485,92
39,308001004209,COLEGIO MARYMOUNT,38.42451298701299,88
40,311769000921,COL HELVETIA                                                                                        ,38.358730158730175,45
41,344430001303,COLEGIO ALBANIA,38.353571428571435,40
42,311848000286,GIMN DE LOS CERROS                                                                                  ,38.327272727272735,55
43,376001000951,CORPORACIÓN CULTURAL COLEGIO ALEMÁN,38.29514824797844,53
44,311769003920,COL BILING CLERMONT,38.22857142857143,20
45,313001004768,COLEGIO BRITANICO DE CARTAGENA,38.193379790940774,41
46,311769000998,COL COLOMBO HEBREO                                                                                  ,38.189075630252105,17
47,305001003688,COLEGIO CRISTOBAL COLON THE COLUMBUS SCHOOL,38.16445182724252,86
48,311848000341,GIMN CAMPESTRE                                                                                      ,38.12566137566138,54
49,311848003072,COL INTERNACIONAL DE BOGOTA,38.038610038610045,37
50,311848000812,GIMN FEMENINO                                                                                       ,38.02882205513784,57
51,408573012835,COLEGIO KARL C PARRISH,37.96785714285714,40
52,425758800009,COL CAMPOALEGRE LTDA,37.950549450549445,26
53,311769001781,COL ABRAHAM LINCOLN,37.90238095238096,60
54,311001102384,COL GRAN BRETAÑA                                                                                    ,37.87142857142857,10
55,425377000529,COLEGIO TILATA                                                  ,37.85892857142857,40
56,311848000693,COLEGIO DE INGLATERRA (THE ENGLISH SCHOOL),37.80152224824356,122
57,311001042667,GIMN FONTANA                                                                                        ,37.69642857142857,56
58,311001092320,CORPÓRACION GIMNASIO ALEMÁN FRIENDRICH VON SCHILLER,37.67142857142857,10
59,311848000936,COL SANTA MARIA                                                                                     ,37.61697722567287,69
60,325175000549,GIMN BRITANICO                                              ,37.5932944606414,98
61,311001045160,GIMNASIO LOS PORTALES COLEGIO BILINGÜE,37.57915057915058,37
62,313836000348,ASPAEN GIMNASIO CARTAGENA DE INDIAS,37.57380952380954,30
63,376001002121,COLEGIO BENNETT,37.53156146179401,43
64,323001005778,COLEGIO BRITANICO DE MONTERIA MS S.A.S,37.47857142857142,20
65,368276000478,COL PANAMERICANO,37.47023809523809,36
66,311001010820,COL SAN BARTOLOME LA MERCED,37.4564075630252,136
67,376001001639,LICEO FRANCES PAUL VALERY,37.45292207792209,44
68,425175032208,COLEGIO INTERNACIONAL SEK COLOMBIA - TRINIDAD DEL MONTE ,37.387755102040806,14
69,311848001011,COL ANGLO COLOMBIANO                                                                                ,37.35365853658536,123
70,311769003938,COL BILING BUCKINGHAM,37.31684981684982,39
71,311001087237,GIMN EMILIO DE BRIGARD                                                                              ,37.285714285714285,1
72,313001003931,COLEGIO JORGE WASHINGTON,37.25396825396825,36
73,376520000208,HERMANAS BETHLEMITAS PROV. DEL SAGRADO CORAZON DE JESUS,37.12827988338192,49
74,311848000324,COL COLOMBO GALES                                                                                   ,37.119047619047606,60
75,311001019941,COL NUEVA GRANADA                                                                                   ,37.09985422740525,98
76,447001004284,COLEGIO BILINGUE  SANTA MARTA,37.048172757475086,43
77,305266001466,COL FONTAN,37.035714285714285,6
78,311001105481,EL CAMINO ACADEMY                                                                                   ,37.02197802197802,13
79,376001012606,ASPAEN LICEO TACURÍ,36.93809523809524,15
80,311001109460,TANDEM,36.904761904761905,9
81,311769001846,COL SAN TARSICIO                                                                                    ,36.892857142857146,24
82,425126800020,COLEGIO SAN JOSÉ,36.877551020408156,14
83,425175000969,GIMN LOS CAOBOS,36.84893267651888,87
84,376892000042,COL JEFFERSON,36.78571428571427,56
85,311769001056,COL LA CANDELARIA                                                                                   ,36.750871080139376,41
86,317001001896,COL. SAN LUIS GONZAGA,36.70519480519481,110
87,311848002823,GIMN DEL NORTE,36.69523809523809,45
88,425126047887,GIMNASIO CAMPESTRE LOS CEREZOS,36.642857142857146,6
89,313836000623,ASPAEN GIMNASIO CARTAGENA,36.57142857142858,19
90,405607000476,COLEGIO GIMNASIO VERMONT,36.4453781512605,51
91,463190000443,GIMN INGLES,36.42857142857143,39
92,347001051105,COLEGIO BURECHE,36.372180451127825,38
93,425126047909,COLEGIO DWIGHT DAVID EISENHOWER,36.36904761904762,6
94,466001005641,LIC CAMPESTRE DE PEREIRA,36.36466165413534,19
95,311001008540,COL SIGLO XXI                                                                                       ,36.32142857142857,2
96,308001000882,CORP CULT COL ALEMAN,36.23728813559322,59
97,476001029953,COLEGIO LA ARBOLEDA,36.20408163265306,21
98,366001003814,COL FUNDACION LIC INGLES,36.14761904761905,30
99,425175032674,COL ROCHESTER                                                                                       ,35.9671052631579,76
100,308001013054,INTERNATIONAL BERCKLEY SCHOOL,35.934285714285714,25
101,425214000203,NUEVO GIMNASIO CRISTIANO,35.87375415282392,43
102,308001012805,ASPAEN GIMNASIO LOS CORALES,35.785714285714285,16
103,376001001388,COLEGIO LACORDAIRE,35.75675675675677,74
104,376520001514,LIC MONTESSORI,35.69047619047619,3
105,311001010781,COL CALASANZ                                                                                        ,35.61278195488722,19
106,311001047294,COL MAYOR DE LOS ANDES,35.56530612244897,35
107,376111002673,LICEO JUVENIL,35.56349206349206,9
108,376001013157,ASPAEN COLEGIO JUANAMBÚ,35.517857142857146,20
109,308001074789,AMERICAN SCHOOL,35.509852216748776,29
110,376001013581,COLEGIO HEBREO JORGE ISAACS,35.49489795918367,14
111,352001000903,COL SAN FRANCISCO JAVIER,35.43010752688171,93
112,320001002753,COL. FUND.   BILING . DE VALLEDUPAR,35.419642857142854,48
113,376001009176,COLEGIO LAURETTA BENDER,35.32027649769585,31
114,425175032542,COL FONTAN                                                                                          ,35.21825396825397,18
115,376001016750,JARDÍN TIA NORA Y LICEO LOS ALPES ,35.20034843205573,41
116,376001002350,COLEGIO FRANCISCANO  PÍO XII,35.177339901477836,58
117,311001100985,COLEGIO BILINGUE RICHMOND,35.139682539682546,45
118,376001016334,COLEGIO INGLES DE LOS ANDES,35.116883116883116,22
119,425799000459,GIMNASIO CAMPESTRE SAN RAFAEL,35.10504201680673,17
120,308001004942,COLEGIO DE SAN JOSE,35.051759834368525,69
121,319001001180,COL LOS ANDES,34.991596638655466,17
122,319001003280,COL CAMPESTRE AMERICANO,34.976190476190474,24
123,305001021163,COLEGIO SAGRADO CORAZON MONTEMAYOR,34.945378151260506,17
124,368081002867,COL YARIGUIES                                                                                       ,34.89285714285714,4
125,311001046816,COLEGIO BILINGÜE MAXIMILIANO KOLBE,34.846153846153854,26
126,311001107513,COLEGIO VICTORIA,34.837301587301596,18
127,366001006686,LIC TALLER SAN MIGUEL,34.83193277310925,34
128,376001030302,COLEGIO ANGLO AMERICANO,34.785714285714285,11
129,411769000895,LIC BOSTON                                                                                          ,34.78110599078341,62
130,425175032328,COLEGIO LOS TREBOLES                                            ,34.72670807453416,23
131,376001041777,COLEGIO PERSONALIZADO PENSARTE,34.57142857142857,1
132,376001013246,COLEGIO DEL SAGRADO CORAZÓN DE JESÚS-VALLE DEL LILI,34.49387755102041,35
133,311001102775,COL BILING DE LA UNIVERSIDAD DEL BOSQUE,34.468750000000014,32
134,308573000450,INSTITUCION EDUCATIVA ASPAEN GIMNASIO ALTAMAR BILINGUE,34.46153846153846,13
135,376001031341,COLEGIO BRITÁNICO-THE BRITISH SCHOOL,34.38690476190475,24
136,311001088403,COLEGIO INTEGRAL,34.370129870129865,11
137,376001030141,COLEGIO EKKLESIA,34.33333333333333,9
138,376001028685,VERNOT SCHOOL,34.328571428571436,5
139,417001005373,COL. ANGLOHISPANO,34.301587301587304,27
140,425175032127,GP CREATIVE BILINGUAL SCHOOL - GIMNASIO PSICOPEDAGOGICO,34.26020408163266,14
141,311001051631,COL VIRTUAL SIGLO XXI                                                                               ,34.23809523809524,9
142,417873000587,ASPAEN GIMNASIO HORIZONTES,34.15079365079365,18
143,376001005626,COL COOMEVA,33.926020408163275,56
144,319001000396,COL SAN JOSE DE TARBES,33.92261904761905,48
145,308001075645,COLEGIO DAVID,33.91836734693878,14
146,319001002895,COL GIMNACIO CALIBIO,33.83571428571429,10
147,311001076758,LIC VAL (VIDA-AMOR-LUZ)                                                                             ,33.80612244897959,7
148,376520000216,SEM DE CRISTO SACERDOTE,33.72402597402598,44
149,311769001544,COL NUEVO REINO DE GRANADA,33.70317460317461,45
150,425175032402,COLEGIO CAMPESTRE SAN DIEGO,33.69387755102041,14
151,376001029444,COL. REAL JEAN PIAGET,33.64285714285715,13
152,476130000571,COL ANA JULIA HOLGUIN  DE  HURTADO,33.63809523809525,45
153,376111000280,LICEO DE LOS ANDES,33.60278745644598,41
154,376001006983,COLEGIO NUESTRA SEÑORA DEL ROSARIO,33.50324675324675,22
155,366001000742,COL CALASANZ,33.5,1
156,425175000756,GIMN CAMP PARA LA EDUCACION INTEGRAL GICEI,33.48299319727891,42
157,317001003716,ASPAEN-GIMNASIO LOS CEREZOS,33.46153846153846,13
158,376520004688,COL MILIT GENERAL AGUSTIN CODAZZI,33.423469387755105,42
159,376001003461,COLEGIO SAN ANTONIO MARIA CLARET,33.39700078926599,181
160,376001021478,COLEGIO BILINGUE WASHINGTON,33.38095238095238,6
161,308001007615,COLEGIO LYNDON B. JOHNSON,33.34126984126984,27
162,305380019472,COLEGIO CANADIENSE,33.28434065934066,52
163,368001007545,COLEGIO LOS CEDROS,33.19047619047619,3
164,319001000434,COL CHAMPAGNAT,33.187500000000014,64
165,311769000696,GIMNASIO PEPA CASTRO,33.17293233082707,19
166,319001000329,COL NUESTRA SEÑORA DE BETHLEM,33.16071428571429,28
167,319001002054,SEMINARIO MENOR ARQUIDIOCESANO,33.137630662020904,41
168,411001076558,COLEGIO BILINGÜE TIERRA NUEVA                                            ,33.12012987012987,22
169,376001001566,COLEGIO MAYOR ALFEREZ REAL,33.03174603174604,81
170,425175001183,FUND COL SAN JUAN DEL CAMINO,33.026785714285715,8
171,308001011353,COLEGIO ANGLOCOLOMBIA,33.00738916256158,29
172,376001008498,COLEGIO REYES CATOLICOS,32.9654761904762,60
173,376001026348,INSTITUTO BILINGUE AGORA,32.91964285714286,8
174,311001038317,COL MAYOR PRIMEROS MAESTROS,32.90940766550523,41
175,308573000026,INSTITUTO PARA EL DESARROLLO DEL POTENCIAL HUMANO,32.89130434782608,46
176,376001002066,INSTITUTO TÉCNICO INDUSTRIAL SAN JUAN BOSCO,32.7643784786642,77
177,376001001426,COLEGIO NUESTRA SEÑORA DE LA CONSOLACION,32.76351351351352,74
178,376001001558,COLEGIO LOS ANGELES SAN FERNANDO,32.76339285714286,16
179,319001002151,COL GUILLERMO LEON VALENCIA,32.74223602484472,23
180,311001075697,COL MODERNO  JOHN DEWEY                                                                             ,32.73809523809524,3
181,311769002290,GIMN LA ARBOLEDA                                                                                    ,32.69327731092437,17
182,376001001116,COLEGIO AMERICANO,32.64097744360901,114
183,376520007151,COL AGUSTINIANO CAMPESTRE,32.52079566003617,79
184,376001028219,COLEGIO COMFANDI EL PRADO,32.511102886750585,193
185,376001003577,SANTA MARIANA DE JESÚS,32.479910714285715,32
186,376001011421,CENTRO EDUCATIVO ETIEVAN -  COLEGIO ENCUENTROS,32.31999999999999,25
187,376147000031,LICEO CARTAGO,32.316964285714285,32
188,311001107599,COLEGIO RETOS,32.31318681318681,65
189,425175032526,INSTITUTO STUDIUM,32.2891156462585,21
190,376001024264,COLEGIO IDEAS,32.244897959183675,28
191,376111000271,COL DIOCESANO GIMNASIO CENTRAL DEL VALLE,32.16541353383459,38
192,376001000306,COLEGIO LEONÍSTICO LA MERCED,32.131868131868124,52
193,376001029932,COLEGIO BILINGUE MONTESSORI,32.099999999999994,15
194,319001001201,COL MIXTO SINTRAFEC,32.04201680672269,17
195,376001009168,COLEGIO CENTRO DE ARTE JUVENILIA,32.01339285714286,16
196,368001004678,COL GIMN PIEDEMONTE                                                                                 ,32.006493506493506,22
197,425799000483,FUND PARA LA ACTUALIZACION DE LA EDUCACION,31.971428571428575,15
198,376001038681,INSTITUTO TECNICO CONSTRUCTORES DEL FUTURO,31.964285714285715,2
199,352001001519,COLEGIO DEL SAGRADO CORAZON DE JESUS,31.91117216117216,78
200,308573074895,COLEGIO CRISTIANO J. VENDER MURPHY,31.892857142857146,20
201,376001000721,COLEGIO FRANCISCANO DE FRAY DAMIAN GONZALEZ,31.828416149068325,184
202,376001000799,COLEGIO DE LA PRESENTACION - AGUACATAL,31.81561461794019,43
203,373001006810,COLEGIO LOS ANDES DE IBAGUE,31.785714285714285,1
204,376001042637,COL ALEJANDRIA,31.758928571428573,8
205,376001014048,LICEO BELLA SUIZA,31.714285714285715,2
206,425126047895,GIMNASIO VIRTUAL SAN FRANCISCO JAVIER,31.714285714285715,4
207,325175032432,COLEGIO AGUSTIN NIETO CABALLERO,31.712244897959188,35
208,311001019070,COL NUEVA ORLEANS                                                                                   ,31.692307692307693,13
209,376622000598,COL GIMNASIO NORTE DEL VALLE,31.679653679653683,33
210,319001000370,REAL COL SAN FRANCISCO DE ASIS,31.642857142857146,71
211,376001000551,COLEGIO  DE NUESTRA SEÑORA DE CHIQUINQUIRA,31.611344537815132,34
212,376001012789,COL TECNICO MARIA ELVINIA,31.605481727574748,86
213,313001013821,COL CRISTIANO BILINGUE DE CARTAGENA,31.59523809523809,9
214,311001046743,COLEGIO ANEXO SAN FRANCISCO DE ASIS,31.53125,16
215,376001010417,COLEGIO LOS ANGELES DEL NORTE,31.529411764705877,34
216,425214047536,GIMNASIO CAMPESTRE MARIA DE GUADALUPE,31.523809523809526,9
217,376001000519,COL DE LA SAGRADA FAMILIA,31.517241379310345,29
218,311001088667,LIC MONTANA                                                                                         ,31.514285714285712,5
219,376001002082,COLEGIO MARIA AUXILIADORA,31.490601503759397,38
220,476001006333,COL. EL DIVINO NIÑO,31.46428571428571,10
221,376001003437,COLEGIO SAN ALBERTO MAGNO,31.418831168831165,22
222,344430001443,COLEGIO COLOMBO ARABE DAR EL ARKAM,31.410714285714285,20
223,376001007670,COLEGIO LEON DE GREIFF,31.385135135135123,148
224,466001006826,SAINT GEORGE SCHOOL - SAN JORGE,31.31632653061224,7
225,376001000543,COLEGIO SAN FRANCISCO DE ASIS,31.3115763546798,58
226,376001006096,COL.SANTA MARIA DE PANCE,31.275,20
227,376001000012,COLEGIO CLARETIANO SANTA DOROTEA,31.198606271777017,123
228,376111000921,COL SANTA MARIANA DE JESÚS,31.14516129032258,31
229,376001001981,COLEGIO EL CARMELO,31.13775510204082,42
230,319001000051,COL TECNICO COMFACAUCA,31.122448979591837,21
231,376520005862,LIC CAMPESTRE CRECER,31.11734693877551,14
232,105001001155,INST EDUC SAN JUAN BAUTISTA DE LA SALLE,31.107142857142854,2
233,311001108684,COLEGIO INSTITUTO SANTIAGO DE COMPOSTELA,31.071428571428573,3
234,308001000751,FUNDACIÓN EDUCATIVA MADRE BUTLER,31.066964285714285,16
235,476001005957,GIMNASIO LOS FARALLONES VALLE DEL LILY,31.057539682539673,36
236,376147000103,LA PRESENTACIÓN,31.048319327731097,34
237,366001006899,INSTITUTO NACIONAL DEL SABER INSA (ANTES GUZMABO),30.979591836734695,14
238,376001000861,COLEGIO DE SAN LUIS GONZAGA,30.936781609195396,87
239,352001004658,COL COMFAMILIAR DE NARIÑO SIGLO XXI,30.89067055393587,49
240,376001029878,CENTRO DE EDUCACION INDIVIDUALIZADA,30.836734693877553,7
241,319001000175,COL HOGAR MADRE DE DIOS,30.82298136645962,69
242,376001006223,COL RAFAEL URIBE URIBE,30.797619047619047,6
243,376001000241,COLEGIO MIGUEL CAMACHO PEREA,30.757653061224488,28
244,376001026925,COMFANDI MIRAFLORES,30.754081632653048,140
245,311001105774,COL CASA BOLIVAR                                                                                    ,30.711428571428574,25
246,350001006810,IE  LIC DEL LLANO CARO Y CUERVO,30.67857142857143,2
247,376111002827,COLEGIO COMFANDI BUGA,30.665505226480835,41
248,376001016806,LICEO SUPERIOR JUAN PABLO II,30.66428571428571,20
249,376001043765,INSTITUTO BOLIVARIANO ESDISEÑOS DEL,30.660714285714285,4
250,311001106894,GIMNASIO LA CASTELLANA,30.617142857142863,25
251,376001022300,COLEGIO LUIS HORACIO GOMEZ,30.57834101382489,31
252,341298002070,INSTITUTO DE EXCELENCIA HUMANA Y ACADÉMICA   IDEA,30.54761904761905,3
253,111001011908,ESC. NORMAL SUPERIOR DISTRITAL MARIA MONTESSORI (IED),30.48677248677248,54
254,376001041018,COLEGIO MAYOR SAN ANTONIO DE PADUA,30.434362934362937,37
255,376147000201,INSTITUCIÓN EDUCATIVA DIOCESANA PAULO VI,30.336309523809533,24
256,319001002135,COL COLOMBO FRANCES,30.324999999999996,20
257,376001035843,COLEGIO MAYOR SAN FRANCISCO DE ASIS,30.29616724738676,41
258,319532001389,FUNDACION LICEO COMERCIAL COMERCIAL CIUDAD EL BORDO,30.264285714285712,10
259,376001005596,COL NTRA SRA DE LA ANUNCIACION,30.232578397212535,82
260,376001001868,LICEO  JUAN  XXIII,30.21002132196161,67
261,263548000298,LUIS GRANADA MEJIA,30.2,10
262,225758000046,INSTITUCI¿N EDUCATIVA DPTAL LA VIOLETA   SEDE PRINCIPAL,30.17857142857143,2
263,305001000077,EL NUEVO COL THE NEW SCHOOL,30.167701863354033,23
264,166001000891,IE DEOGRACIAS CARDONA,30.157142857142855,5
265,376001015923,INSTTIUCIÓN EDUCATIVA COLEGIO SAN JOSÉ REFUGIO,30.15336134453781,34
266,376001013181,COLEGIO ANDINO,30.09047619047619,30
267,376001000390,COLEGIO SAN JOSE - SEDE CHAMPAGNAT,30.084033613445385,51
268,376001000128,COL MAYOR SANTIAGO DE CALI,30.060559006211182,46
269,311001103062,INST STUDIUM                                                                                        ,30.023109243697483,34
270,305001025606,CIBERCOLEGIO UCN,30.0,1
271,352001005239,COL INSUCA,29.987179487179475,39
272,376001024612,COL EL PINAR,29.982142857142854,20
273,376001028120,INSTITUTO SAN JUAN EUDES,29.971428571428575,15
274,376892000034,COL COMFANDI - YUMBO,29.943181818181824,44
275,315001003772,INSTITUCION EDUCATIVA URIBESCO,29.916666666666664,30
276,311001047871,COL CASA ACAD CULTURAL,29.875000000000004,8
277,376001021885,COLEGIO LUIS CARLOS GALAN SARMIENTO,29.873015873015877,45
278,376001014897,LICEO QUIAL,29.857142857142854,25
279,376001041761,COLEGIO SANTA ISABEL DE HUNGRIA - CIUDAD 2000,29.854207436399232,73
280,376001022270,COLEGIO FRANCISCO JOSE DE CALDAS,29.84693877551021,28
281,311001104476,GRUPO EDUCATIVO BACATA                                                                              ,29.83841886269071,103
282,376001026569,FUNDACION EDUCATIVA LIDERES,29.8021978021978,13
283,376892015252,LIC CAMPESTRE LA MISION,29.78571428571429,15
284,311001106002,COL CRISTIANO SEMILLA DE VIDA EDUCACION PARA ADULTOS,29.785714285714285,5
285,376520005498,LIC LA ENSEÑANZA,29.75714285714286,20
286,376001016270,COLEGIO FEMENINO SAN FERNANDO,29.717391304347835,23
287,376001002392,COL. NUESTRA SEÑORA DE LA GRACIA,29.6547619047619,54
288,373168003626,COL DE EDUC BAS SEC Y MEDIA ACAD HEISENBERG,29.642857142857142,7
289,376001011936,COLEGIO EL BOSQUE,29.629464285714285,16
290,176001013301,INSTITUCION EDUCATIVA TECNICA DE BALLET CLASICO INCOLBALLET,29.628571428571426,10
291,319001003727,GIMNACIO LATINO AMERICANO LA CASA DE MICKEY MAUSE,29.580357142857142,8
292,352001003791,COLEGIO MI PEQUEÑO MUNDO GIMNASIO LOS ANDES,29.566326530612248,14
293,308001075220,INST BILINGUE DEL NORTE,29.54761904761905,15
294,476520006324,COLEGIO BILINGÜE SAN JOSE CAMPESTRE,29.51020408163265,14
295,476001038251,COL CIUDADELA EDUC LA PRESENTACIÓN,29.485294117647058,102
296,376111000263,COL MAYOR CIUDAD DE BUGA,29.462732919254663,46
297,305376000741,POLITECNICO INTERAMERICANO,29.446428571428573,4
298,376520005145,LICEO TECNICO COMERCIAL AVANCEMOS,29.43197278911565,63
299,376520007261,COL LOS ALPES DE LLANO GRANDE,29.428571428571427,4
300,311001009121,COL SALESIANO DE LEON XIII,29.4,5
301,311001105839,INSTITUTO ANDINO DE BACHILLERATO Y CAPACITACION,29.38214285714286,80
302,366001005434,INSTITUTO COMFAMILIAR,29.38095238095238,3
303,319001002372,CENT EDUCATIVO DEL NORTE LA MERCED,29.33333333333334,6
304,125649000015,INSTITUCION EDUCATIVA DEPARTAMENTAL ESCUELA NORMAL SUPERIOR,29.32142857142857,2
305,354001011703,COL SAN MATEO,29.285714285714285,2
306,373001012453,INSTITUTO NACIONAL DE SERVICIOS EDUCATIVOS (INSED),29.27339901477832,29
307,311001105791,COL JHON DALTON                                                                                     ,29.26833976833977,37
308,317001007207,COLEGIO BOSTON,29.258730158730152,45
309,376892000026,INST EDUC SAN FRANCISCO JAVIER,29.25,72
310,376111000077,COL COOPERATIVO OBRERO DEL VALLE,29.247899159663866,17
311,376001019201,INST CIAL ARQUIDIOCESANO,29.24517374517374,74
312,376520000186,LIC LOS ANGELES,29.239130434782602,23
313,376248000031,INSTITUTO GABRIELA MISTRAL,29.22321428571428,8
314,325899090272,CENT DE FORMACION EDUCATIVA CENFE                           ,29.214285714285715,2
315,376001008501,COLEGIO TECNICO NUEVO SALOMIA,29.181818181818187,22
316,376001037650,COL BILINGÜE LANCASTER,29.167701863354043,23
317,376001022580,LICEO NUESTRA SEÑORA DE LOURDES,29.157142857142855,5
318,376001033859,COLEGIO PARROQUIAL NUESTRA SEÑORA DE LOS ANDES,29.139146567717997,77
319,476520007207,COLEGIO MILITAR ALMIRANTE COLON,29.110675039246463,91
320,311001106126,CENT SOCIAL DE ESTUDIOS                                                                             ,29.08928571428571,4
321,319001000451,INSTITUTO MELVIN JONES,29.074955908289233,81
322,376001001337,COLEGIO EL AMPARO,29.061507936507937,36
323,105001003425,INST EDUC JOSE MARIA BRAVO MARQUEZ,29.053571428571427,4
324,376001003526,COL CATOLICO,29.013119533527714,49
325,376520000143,COL SAN JOSE DEL AVILA,28.99624060150376,19
326,176520007467,COLEGIO COMERCIAL DE PALMIRA O.E.T.H,28.994505494505496,13
327,376001026755,LICEO CARLOS CASTRO SAAVEDRA,28.98412698412698,9
328,376001000314,COLEGIO PARROQIAL SANTIAGO APOSTOL,28.965390279823268,97
329,376001008544,COLEGIO LOS ANDES,28.963345864661648,76
330,425799000637,COLEGIO CAMPESTRE PRINCIPADO DE MONACO,28.950892857142858,16
331,315759001576,LICEO ANGLO AMERICANO DE SOGAMOSO,28.928571428571427,21
332,376001000934,COLEGIO SAN FRANCISCO JAVIER,28.91904761904762,15
333,376364001835,INST EDUC NUESTRA SEÑORA DEL ROSARIO,28.870656370656366,37
334,376001034219,COLEGIO CREAD,28.864285714285717,10
335,311001105855,GIMN UNION NACIONAL                                                                                 ,28.863945578231295,21
336,376001010841,COL. TEC. COMERCIAL SANTA MARIA GORETTY,28.837662337662334,11
337,319001002330,COL COLOMBIA JARDIN INFANTIL MAFALDA,28.836734693877553,7
338,305001022470,COL LUJAN,28.825396825396822,36
339,376520007393,COL TERESIANO DE PALMIRA,28.82142857142857,4
340,305001021741,CENT DE ENSENANZA LATINOAMERICANA - CENLA,28.815476190476193,24
341,305266019969,INSTITUCION EDUCATIVA AVANZAR,28.785714285714285,1
342,376001012690,ACADEMIA MILITAR GENERAL JOSÉ MARÍA CABAL,28.765567765567766,39
343,376111001146,COL SANTA TERESITA,28.731428571428566,25
344,311001019053,COL CAFAM                                                                                           ,28.726190476190478,24
345,368001004651,COLEGIO PRINCIPE SAN CARLOS,28.686930091185413,47
346,376001010221,ACADE MILIT JOAQUÍN DE CAICEDO Y CUERO,28.622023809523814,24
347,373268001604,INSTITUTO SAN FERNANDO FERRINI,28.61904761904762,3
348,311001105995,CENT EDUC PARA JOVENES Y ADULTOS LEPANTO,28.610389610389607,11
349,476892099728,COL NUESTRA SEÑORA DE LA ESPERANZA,28.607142857142858,2
350,315238001740,INST SOLUCION EDUCATIVA SOLED,28.568965517241384,29
351,376001020455,CENTRO DOCENTE TOMAS CIPRIANO  MOSQUERA,28.565476190476186,12
352,376001013220,COLEGIO BAUTISTA,28.56512605042017,34
353,376111000387,LICEO JESUS BERTIN,28.551587301587297,18
354,311001031584,INSTITUTO FERRINI,28.504024144869216,71
355,313836001077,INSTITUCION EDUCATIVA JOAQUIN POLO ARNEDO,28.465714285714284,25
356,366001006996,LICEO EURO - AMERICANO,28.464285714285715,2
357,325175032266,CENT DE FORMACION EDUCATIVA CENFE,28.42857142857143,8
358,176520003623,IE DOMINGO IRURITA,28.428571428571427,1
359,352001004135,INST SAN FRANCISCO DE ASIS,28.34883720930232,43
360,376001008773,COLEGIO SANTA BIBIANA,28.342857142857145,5
361,376001013637,ACADEMIA DE CIENCIAS DE COLOMBIA AKADEMOS,28.3265306122449,21
362,317174000755,COLEGIO CEVAL - (CON ESFUERZO  VALOR  ALEGRÍA Y LUCHA),28.31428571428571,10
363,350350001680,INST POLITECNICO AGROINDUSTRIAL,28.294642857142858,8
364,368001007529,INSTITUTO TECNOLOGICO SISTEMAS SIGLO XXI,28.275510204081634,14
365,376001041509,COL LOS ANDES N 2,28.27083333333334,48
366,376001029321,LIC ANGLO DEL VALLE,28.260504201680675,17
367,352001006278,INST EDUC LUISEG,28.251428571428573,25
368,315001003632,INSTITUTO SAN FERNANDO FERRINI,28.204433497536943,29
369,376001002074,CORPORACION COLEGIO AMERICAS UNIDAS,28.197478991596643,68
370,376001026518,INST LA CAMPIÑA,28.17607973421927,43
371,319573000508,COLEGIO COMFACAUCA,28.146428571428565,60
372,376001013203,COLEGIO PARROQUIAL NUESTRA SEÑORA DE GUADALUPE,28.143761301989155,79
373,105001002071,I.E. BENJAMIN HERRERA,28.142857142857142,1
374,185010000327,IE CAMILO TORRES RESTREPO,28.042857142857144,5
375,311001110018,INSTITUTO CENTRAL DE ESTUDIOS S.A.S,28.03174603174603,27
376,376001033409,TALENTOS POLITECNICO E ILINOIS,28.02173913043479,46
377,376001040840,COLEGIO ECOLOGICO SCOUTS,27.964285714285715,14
378,325899090281,COL BOSTON                                                  ,27.96,25
379,625269000084,COL BOSTON                                                  ,27.95982142857143,16
380,311001108471,COL PAULO FREIRE,27.95634920634921,18
381,311001104549,POLITECNICO UNIVERSAL DE CAPACITACION,27.94211822660099,58
382,368001007084,COL  ASED                                                                                           ,27.881987577639755,46
383,376001011596,COLEGIO POLITECNICO SUPERIOR DEL VALLE,27.86607142857143,8
384,376001013831,INSTITUTO TECNICO SALOMIA,27.86190476190476,15
385,325899001555,COLEGIO TRIÁNGULO,27.857142857142854,33
386,315001003942,CENTRO JUVENIL AMIGONIANO BOYACÁ,27.857142857142854,5
387,376001043391,COLEGIO DE ADULTOS NUESTRA SEÑORA DE LAS MERCEDES,27.8452380952381,6
388,311001109389,COLEGIO BOLIVARIANO,27.843750000000004,16
389,376001021583,INSTITUTO TECNICO LA RIVIERA,27.840136054421773,21
390,376622000971,CENT DOCENTE PARA ADULTOS EDIMA,27.839285714285715,8
391,319001003841,INST NIÑO JESUS DE PRAGA,27.833333333333332,3
392,163594000397,INST QUIMBAYA,27.830357142857142,16
393,311001105944,BTO DE ADULTOS UNAD                                                                                 ,27.78947368421052,19
394,305360002522,CORPORACION TECNOLOGICA EMPRESARIAL,27.785714285714285,14
395,311001105651,INST INTEGRADO DE SUBA                                                                              ,27.77551020408163,7
396,163001001139,SANTA TERESA DE JESUS,27.77551020408163,7
397,373001012461,FORMAR(INSTITUTO DE EDUCACION FORMAL PARA JOVENES Y ADULTOS),27.7704081632653,14
398,125781000121,INSTITUCION EDUCATIVA DEPARTAMENTAL INTEGRADA DE SUTATAUSA,27.753246753246753,11
399,111769003416,COLEGIO JUAN LOZANO Y LOZANO (IED),27.74603174603174,27
400,354001004758,GIMNASIO CAMPESTRE COMFAORIENTE,27.73469387755102,7
401,376001008595,LICEO COMPUTARIZADO SISTEVALLE,27.72350230414747,31
402,376001043625,INSTITUTO TÉCNICO OCUPACIONAL ITO,27.714285714285715,1
403,318001004077,COLEGIO PEDAGÓGICO DE COLOMBIA,27.7,5
404,415238001664,COLEGIO DE BACHILLERATO NUEVA ESPERANZA,27.698841698841704,37
405,311001107491,INST SAN IGNACIO,27.68067226890756,17
406,376001000900,COL PARROQ SAN JUAN BAUTISTA,27.67857142857142,98
407,368001006301,COLEGIO HARVARD,27.67032967032967,13
408,311001106908,COL GIMN AMERICANO                                                                                  ,27.665879574970475,121
409,376001007009,LA PRESENTACION EL PARAISO,27.6657848324515,81
410,311001000972,COL COMUNIT NOCT DE BACHILLERATO LA LIBERTAD,27.663265306122447,14
411,311001104905,COL CENT DE INSTRUCCION SISTEMATIZADA CEIS,27.651975683890562,47
412,366001006741,COL ANGLO COLOMBIANO,27.650793650793652,36
413,319001001490,COL FESUTRAC,27.63095238095238,6
414,105154000301,I. E. LICEO CAUCASIA,27.61904761904762,3
415,315516000903,COL JOSE ASUNCION SILVA,27.60989010989011,13
416,376001008871,COLEGIO MIXTO SAN VICENTE,27.602380952380948,30
417,376001036416,COLEGIO MILITAR ALMIRANTE COLON DE CALI,27.590336134453786,34
418,305615001703,INSTITUCION EDUCATIVA JUAN SEBASTIAN DE CENSA,27.57936507936508,9
419,376111002568,ACADEMIA MILIT CORONEL MIGUEL CABAL BARONA,27.57589285714286,16
420,366001006694,LICEO ANDINO,27.571428571428577,39
421,368001002446,COL  SOTOMAYOR,27.571428571428573,6
422,376111002231,COL ALONSO ARAGON QUINTERO,27.55952380952381,30
423,376520002456,COL SANTA INES CAMPESTRE,27.555555555555554,9
424,305652001331,INSTITUTO REGIONAL COREDI,27.532967032967033,13
425,311001106592,COL HEISENBERG SEDE KENNEDY                                                                         ,27.508782201405143,122
426,311001107548,COL TRIANGULO RESTREPO,27.507936507936506,9
427,176520000497,IE CARDENAS CENTRO,27.500000000000007,27
428,311001106924,CENT DE ESTUDIOS LATINOAMERICANO PARA LA FORMACIÓN HUMANA INTEGRAL  CELFHI,27.5,20
429,376520005781,COLEGIO COMFANDI REGIONAL PALMIRA,27.491071428571427,40
430,352001006096,INST JORGE ELIECER GAITAN,27.479591836734688,28
431,311001106584,INST INGABO SEDE CHAPINERO,27.45238095238095,15
432,376001008633,INCOVAL,27.437500000000007,40
433,166001002916,IE KENNEDY,27.428571428571427,4
434,311001051291,NUEVO INSTITUTO SAN MIGUEL,27.409863945578238,42
435,350001007344,CE PARA EL DESARROLLO EMPRESARIAL DE LOS LLANOS - CEDELLANOS,27.4047619047619,6
436,354001011364,COL EDUC FORMAL POR CICLOS ADULTOS COLOMBO BRITANICO,27.399159663865543,34
437,368001007677,INST TEC COLOMBIANO INTECOL,27.37912087912088,13
438,315001003523,COLEGIO COLOMBO BRITANICO,27.377551020408163,7
439,319807001104,CODESPA,27.37500000000001,24
440,319698002944,COLEGIO DE ADULTOS POR CICLOS INTEGRADOS GIMNASIO DEL NORTE,27.36974789915966,34
441,376275001643,I.E. RAFAEL NUÑEZ,27.357142857142854,2
442,325286001099,COLEGIO TECNISISTEMAS,27.34642857142857,20
443,308001001633,CORPORACION EDUCATIVA Y TECNICA BOLIVARIANA,27.342857142857145,10
444,568001009700,CENT EDUC CAJASAN (ADULTOS),27.342857142857138,5
445,323466003887,CORP EDUCATIVA NEWTON,27.333333333333332,3
446,308001077858,INST CENT DE SISTEMAS AVANZADOS,27.32225913621263,43
447,311001106851,INST TECNICO COLOMBO AMERICANO,27.31868131868132,26
448,376001001353,INSTITUTO CENTRAL DEL COMERCIO Y BACHILLERATO,27.315476190476193,24
449,325875000523,INSTITUTO HEGAMAR,27.299603174603178,36
450,325175032280,COL FORMAL PARA ADULTOS VIDA A LA NACION,27.29761904761905,6
451,319532002270,INST DE FORMACION PARA JOVENES Y ADULTOS DEL PATIA IFAP,27.292207792207794,11
452,368001007146,CENT EDUC PAULO FREIRE                                                                              ,27.292207792207787,33
453,311001096171,LIC  PSICOPEDAG EL CARMELO,27.287946428571423,32
454,311001089973,CORPORACION EDUCATIVA SAN AGUSTIN - CESA,27.285714285714285,4
455,350001003039,COLEGIO JORGE ISAACS,27.27930402930403,78
456,111001013323,COLEGIO INTEGRADA LA CANDELARIA (IED),27.26984126984127,9
457,305001017361,CENT DE DESARROLLO INTEGRADO - CENDI,27.260563380281692,71
458,311001105057,POLITECNICO MAYOR ANDINO                                                                            ,27.25306122448979,35
459,311001105421,INST NUEVA COLOMBIA                                                                                 ,27.25142857142857,25
460,111001009971,COLEGIO REPUBLICA DE COLOMBIA (IED),27.241758241758244,26
461,305001025592,COLEGIO EMPRESARIAL,27.235714285714284,20
462,308001077052,CENT DE FORMACION HUMANISTICO-MATEMATICAS-ALBERT EINSTEIN,27.231092436974787,17
463,311001105758,INST DE CAPACITACION PARA EL TRABAJO,27.23015873015873,9
464,315759002645,INSTITUCION EDUCATIVA NUEVA GRANADA,27.22959183673469,14
465,323807005565,CENTRO DE FORMACION DE ADULTOS ABC,27.228571428571428,5
466,319001000019,BTO  SEMESTRALIZADO SINTEUCAUCA,27.21031746031746,18
467,376001005758,INST. TECN. HERMANO MIGUEL,27.206349206349206,9
468,376233001180,NUESTRA SEÑORA DE LOS REMEDIOS,27.17972350230415,31
469,141551001230,IE MUNICIPAL NACIONAL,27.17857142857143,26
470,313001028639,INST. CENTRAL DE COLOMBIA PARA ADULTOS  (513001004018),27.171428571428574,15
471,317001007002,INST.EDUC CONTINUA CONFAMILIARES SEDE A,27.147416413373854,94
472,311001105448,CENT DE EDUC DE ADULTOS CULTURAL,27.13605442176871,21
473,315238001642,COLEGIO BOSTON,27.127819548872182,19
474,311001092532,CENT DE CAPACITACION  LTDA (CENCABO)                                                                ,27.124060150375943,19
475,325214047523,INSTITUTO EDUCACIÓN TÉCNICA E INFORMÁTICA INFODEC LIMITADA,27.11904761904762,27
476,325290002142,COL CENT DE ESTUDIOS HUITAKA,27.116071428571427,24
477,119698000101,INSTITUCION EDUCATIVA INSTITUTO TECNICO DE SANTANDER DE QUILICHAO,27.116071428571427,16
478,311001104484,CENT PANAMERICANO DE CAPACITACION SEDE CHAPINERO,27.102380952380955,90
479,111001046477,COLEGIO GRAN COLOMBIANO (IED),27.100840336134457,17
480,368276002951,COLEGIO NUEVO MUNDO,27.0989010989011,13
481,311001105367,BACHILLERATO DE ADULTOS COLSUBSIDIO,27.09704968944099,92
482,311001091595,COL TRIANGULO KENNEDY,27.09672619047619,48
483,305142000424,INSTITUTO REGIONAL COREDI,27.077142857142864,25
484,386001003939,NUEVO INSTITUTO DE APRENDIZAJE SURCOLOMBIANO,27.073469387755097,35
485,376001041523,LICEO MAYOR TECNICO DEL VALLE,27.042857142857144,10
486,376001005910,COL DE LA SANTÍSIMA TRINIDAD,27.039682539682534,54
487,319001004561,COL MAYOR SAN MARCOS,27.032467532467535,11
488,368307001826,UNITECNICAS,27.023809523809522,3
489,105001002020,INST EDUC RAFAEL URIBE URIBE,27.020408163265305,7
490,311265001012,GIMN JUVENIL SANTA CATALINA,27.01648351648351,26
491,376001000888,FUND COL PAR SAN PEDRO CLAVER,27.00965250965252,74
492,366170000085,COLEGIO SALESIANO SAN JUAN BOSCO,26.994708994708997,27
493,325286000980,COL CENT DE LA INST SISTEMATIZADA C.E.I.S.,26.991596638655466,17
494,376001005928,COLEGIO SAN FERNANDO REY,26.990476190476194,15
495,305266019977,POLITECNICO INTEGRAL COLOMBIANO,26.977443609022554,19
496,308001079128,FUNDACION EMPRESARIAL DEL CARIBE - FEC,26.969387755102048,28
497,315759002530,COLEGIO DE EDUCACION FORMAL FLEXIBLE SAN MATEO,26.95238095238095,12
498,625269000078,CORPORACION EDUCATIVA ARKOS U,26.936134453781513,85
499,376001000586,COLEGIO SAN PEDRO CLAVER,26.934151785714302,64
500,311001019151,COL COOP MINUTO DE DIOS                                                                             ,26.932142857142857,20
501,311001107254,CORPORACION TECNOLOGICA EMPRESARIAL,26.930555555555557,36
502,325290002181,COL TRIANGULO,26.928571428571427,12
503,311001104867,COLEGIO INSCAP,26.918367346938783,42
504,319698002928,CENTRO EDUCATIVO ASESORIAS EDUCATIVAS PARA EL DESARROLLO REGIONAL ASEDER,26.90476190476191,3
505,376520006141,CENTRO EDUCATIVO PARA JOVENES Y ADULTOS PALMIRA,26.895714285714295,50
506,176001001656,INSTITUCION EDUCATIVA GUILLERMO VALENCIA,26.890756302521012,17
507,311001106177,INST ANDRE MICHELIN                                                                                 ,26.867724867724867,27
508,376001027115,COLEGIO VALORES ILAMA,26.86607142857143,8
509,311001104514,INST INGABO SEDE RESTREPO,26.86466165413534,57
510,376001011197,COLEGIO COOPERATIVO NOCTURNO JOSE MANUEL SAAVEDRA GALINDO,26.85714285714286,6
511,311001108587,LICEO BRITANICO SUPERIOR (ANTES TEDUCAMOS 1A),26.857142857142858,7
512,341885000233,COLEGIO LICEO EMPRESARIAL AMERICANO,26.857142857142858,1
513,111001011011,COLEGIO INSTITUTO TECNICO INDUSTRIAL PILOTO (IED),26.857142857142858,11
514,305088002488,INST PREUNIVERSITARIO DE BELLOANTONIO DE J RIOS,26.843571428571426,100
515,376001015460,INST CAMILO TERREROS,26.83928571428571,28
516,111848003031,COLEGIO CRISTOBAL COLON (IED),26.834586466165415,19
517,354001011681,INST EDUC FORMAL DE ADULTOS PROYECCION SIGLO XXI,26.826785714285712,40
518,325175000932,COL TRIANGULO                                               ,26.8265306122449,14
519,320001791570,INSTITUTO NACIONAL CENTRO DE SISTEMAS - SYSTEM CENTER,26.814285714285717,10
520,305001019606,INSTITUTO DE EDUCACIÓN COMFENALCO  CONSUELO MONTOYA GIL,26.807760141093475,81
521,311002108552,INSTITUTO DE CAPACITACION FUTURA INCAF,26.807359307359302,33
522,366001006635,COL BOSTON PEREIRA,26.806722689075627,17
523,376563000457,INST NUEVA JERUSALEN,26.806122448979586,14
524,376364001011,COL FRAY LUIS APOSTOL,26.80451127819549,19
525,376318000671,LIC CIAL SAN JUAN BAUTISTA,26.8,10
526,376001000454,COLEGIO MILITAR JOSE ACEVEDO Y GOMEZ,26.78571428571429,10
527,305001022682,POLITÉCNICO MAYOR AGENCIA CRISTIANA DE SERVICIO Y EDUCACIÓN,26.760368663594473,62
528,352683000641,INSTITUTO TECNICO JULIAN BUCHELY,26.760000000000005,25
529,376306000471,COL CENTROCOM,26.75,2
530,350577001066,INSTITUCION CETEL,26.75,10
531,315001003516,COLEGIO CORPORACION SANTO DOMINGO,26.74659863945579,42
532,305001800065,COL NAL DE CAPACITACIÓN ACADEMICA Y CULTURAL CENCAL,26.746031746031747,18
533,376001030183,CORP EDUC QUINTO CENTENARIO,26.742857142857144,5
534,376001041444,INSTITUTO DE EDUACCION COMFENALCO VALLLE,26.741312741312743,37
535,376520000089,COL COLOMBIA,26.73891625615764,29
536,318001003861,INACAM,26.72142857142857,10
537,311001094942,CENT DE EDUC FORMAL ROBERT HOOKE,26.719555035128813,122
538,115759000465,INSTITUCION EDUCATIVA MAGDALENA,26.71938775510204,14
539,363001000051,BACHILLERATO INTEGRAL DEL QUINDIO,26.718487394957986,17
540,311001108706,CENTRO EDUCATIVO SURAMERICANO,26.71428571428572,12
541,311769003008,COL TECNOLOGICO DE SUBA                                                                             ,26.71428571428571,7
542,225740000189,INSTITUCION EDUCATIVA DEPARTAMENTAL SAN MIGUEL,26.685714285714283,10
543,311001091609,COL TRIANGULO CHAPINERO,26.685267857142858,64
544,818001100040,CENT. DE EDUC. PADRE LUIS DE RIZ,26.674603174603174,9
545,311001091587,COL TRIANGULO PALOQUEMAO                                                                            ,26.6705069124424,31
546,305347000382,INSTITUTO REGIONAL COREDI,26.669642857142854,8
547,311001091846,CENTRO EDUCATIVO EXTERNADO SIMON BOLIVAR,26.668571428571433,25
548,350001007271,COLEGIO SYSPRO,26.651515151515156,33
549,376001037536,CORPORACION NACIONAL DE ESTUDIOS,26.62698412698413,36
550,311001104786,COL BRITANICO SEDE TUNJUELITO,26.625666864256086,241
551,311102001082,INSTITUTO JUAN PABLO II,26.5952380952381,3
552,305001025851,CENTRO EDUCATIVO PARA LA FORMACION EN COMPETENCIAS  COMPUCEC,26.59090909090909,11
553,185001000268,IE BRAULIO GONZALEZ,26.585714285714293,30
554,376001040049,CENTRO DE CAPACITACION SANTA INES,26.577922077922075,11
555,354001009458,CORPORACION TRIGAL DEL NORTE -  CORTRINOR,26.571428571428573,3
556,311001105731,ACAD CENTRAL DE SISTEMAS ACSI,26.571428571428566,24
557,376563001607,INST MIGUEL FEBRES CORDERO,26.571428571428566,7
558,319698002846,COLEGIO NUEVO MILENIO,26.56563706563707,37
559,305001005044,INST FERRINI - SEDE CALASANZ,26.559163059163048,99
560,315001003691,CENTRO EDUCATIVO SAN AGUSTIN,26.55052264808362,41
561,325290002128,COL BOSTON C.L.E.I.,26.54761904761905,12
562,305001025568,CENTRO DE ESTUDIOS MULTITÉCNICO,26.547619047619047,30
563,368001007669,FUNDACIÓN EDUCATIVA DE COLOMBIA - FUNDECOL,26.545918367346935,28
564,376520001395,I.E. COLOMBO ESPAÑOL ALFEREZ REAL,26.535714285714285,8
565,311001091617,COL TRIANGULO CENTRO                                                                                ,26.533482142857146,32
566,368001006158,COL  BOSTON,26.523809523809522,18
567,305819000335,INSTITUTO REGIONAL COREDI,26.51298701298701,33
568,311001105928,CENT EDUC PROEDUCAR,26.506265664160402,57
569,376001042823,CENTRO DE ESTUDIOS E INVESTIGACIÓN VIDA CEVIDA,26.5,7
570,305001025576,INST EDUC JUAN SEBASTIAN DE CENSA,26.493386243386247,54
571,376001031520,LICEO SANTA INES,26.488571428571433,25
572,413836000849,COLEGIO MILITAR EL PINAR DE CANADA,26.480952380952377,15
573,311001105391,COLEGIO TECNISISTEMAS,26.47738951695785,278
574,476248000478,INST TEC CIAL E INDUSTRIAL PROVIDENCIA,26.469275210084035,272
575,305756001889,INSTITUTO REGIONAL COREDI,26.465659340659336,52
576,305206000584,INSTITUTO REGIONAL COREDI,26.44693877551021,35
577,266001004301,IE EL PITAL,26.438095238095237,15
578,376001029436,COL FE Y ESPERANZA MISION PANAMERICANA,26.4375,8
579,305266019888,CENTRO DE EDUCACION FORMAL Y NO FORMALCOMPUESTUDIO,26.431677018633536,23
580,325430001210,ALCALA DE HENARES INSTITUCION EDUCATIVA PARA JOVENES Y ADULTOS,26.428571428571427,1
581,105001003395,INST TEC METROPOLITANO - SEDE CASTILLA,26.420496894409933,115
582,388001000843,FIRST BAPTIST SCHOOL,26.413533834586463,38
583,305697000572,INSTITUTO REGIONAL COREDI,26.412536443148685,49
584,311001106720,CENT PANAMERICANO DE CAPACITACION SEDE RESTREPO,26.399159663865543,51
585,305360002166,CODECOMPUTO                                                 ,26.3957528957529,37
586,105440000157,I. E. SAN JOSE,26.392857142857142,2
587,376892001375,INST EDUC FRANCISCO JOSÉ DE CALDAS,26.390365448504987,43
588,376001036378,COLEGIO GIMNASIO TECNOLOGICO DEL PACIFICO,26.378246753246753,44
589,525899000016,UNAD,26.375,12
590,111001098884,COLEGIO LOS NARANJOS (IED),26.374223602484477,46
591,305315000331,INSTITUTO REGIONAL COREDI,26.365079365079367,18
592,311001109427,FUNDACIÓN EDUCATIVA PARA LA VIDA  - FUNDESCO,26.364285714285703,50
593,111001010839,COLEGIO EXTERNADO NACIONAL CAMILO TORRES (IED),26.362637362637365,26
594,325438001588,COLEGIO DE EDUCACION PARA ADULTOS NUEVO MILENIO,26.362244897959187,14
595,405313000893,INSTITUTO REGIONAL COREDI,26.357142857142858,3
596,305541000438,INSTITUTO REGIONAL COREDI,26.355311355311358,78
597,305197001637,INSTITUTO REGIONAL COREDI,26.34598214285714,32
598,105088003175,I.E. DE TRABAJO SAN JOSE,26.337301587301585,18
599,376001007301,INSTITUTO SINTRAEMCALI,26.331632653061227,14
600,368001005488,COL  COLOMBO VENEZOLANO,26.328571428571422,120
601,354518001490,I.E. COLEGIO LUIS CARLOS GALÁN SARMIENTO,26.321428571428573,8
602,305856000341,INSTITUTO REGIONAL COREDI,26.321428571428573,20
603,373411002242,INSTITUCION EDUCATIVA SYSDATEC BACHILLERATO POR CICLOS,26.32142857142857,8
604,305679001278,INSTITUTO REGIONAL COREDI,26.300000000000008,60
605,176001001796,INSTITUCION EDUCATIVA TCNICO COMERCIAL JOSE MARIA VIVAS BALCAZAR,26.295918367346935,14
606,385001003819,COLEGIO ANTONIO NARIÑO,26.293650793650798,9
607,373411002216,CENTRO EDUCATIVO MANUELA BELTRAN,26.293650793650794,9
608,311001106401,COL CHARLES BABBAGGE                                                                                ,26.27857142857143,10
609,376001031031,COLEGIO DE LA CAJA DE COMPENSACION FAMILIAR DEL VALLE DEL CAUCA COMFANDI,26.26632653061224,70
610,305890001390,INSTITUTO CODESARROLLO,26.26266061980347,189
611,185001001965,IE CENTRO SOCIAL,26.25,10
612,368001007685,CORP  DE SANTANDER CORSAN E.U,26.25,18
613,317001005514,COL. LOS LIBERTADORES,26.25,68
614,325658000377,CORPORACIÓN EDUCATIVA SAN FRANCISCO CORESAF,26.248299319727888,21
615,376147001304,CENTRO ACADEMICO ASED LITDA,26.245283018867923,53
616,386568061022,COL SEMIPRESENCIAL SAN JUAN BOSCO,26.243386243386244,27
617,376001040399,INSTITUTO NACIONAL EBENEZER,26.223214285714285,8
618,376001028081,INSTITUTO DE EDUCACION TECNICA  ICET,26.214285714285715,9
619,368081003518,INSTITUTO DE FORMACION PERSPECTIVA,26.21428571428571,24
620,237611103269,INSTITUCION EDUCATIVA LA PAZ DEL SABER,26.21428571428571,10
621,325175032273,CENTRO INTEGRAL DE EDUCACION TECNICA CIET,26.207792207792206,22
622,341006001931,COL ATENEO AUTONOMO DE COLOMBIA,26.201298701298697,11
623,305148000935,INSTITUTO REGIONAL COREDI,26.199175824175825,52
624,352001000806,LIC SANTA TERESITA DE PASTO,26.197478991596633,34
625,305318000765,INSTITUTO REGIONAL COREDI,26.18571428571428,15
626,363001000221,JORGE ISAAC,26.18367346938775,7
627,341001060922,INS DE EDUCACION DE ADULTOS COVALSYSTEM,26.18067226890756,34
628,350001007361,LICEO CRISTIANO LOS ANDES,26.180672268907557,17
629,405887002142,I.E LA CEIBA,26.17857142857143,6
630,376520005790,COL BASIS,26.175824175824175,13
631,376834004895,INSTITUCION EDUCATIVA PARA AL FORMACION EMPRESARIAL  I F E,26.16365280289331,79
632,323001008581,CENTRO DE ESTUDIOS PARA EL APRENDIZAJE Y CAPACITACION CEPAC,26.162337662337666,11
633,354001010278,INST EDUC REGIONAL INTER,26.162337662337663,11
634,352356001421,COLEGIO INSECOL S.A.S.,26.155102040816328,35
635,373504002230,SERVICIO EDUCATIVO NAL DE ADULTOS SENDAS,26.153333333333343,75
636,305400000544,INSTITUTO REGIONAL COREDI,26.14915966386555,34
637,473585001380,LICEO DE EDUCACIÓN BÁSICA Y MEDIA DE ADULTOS SIGLO XXI,26.142857142857142,11
638,341006001906,COL ANDAKI,26.142857142857142,25
639,0,CENTRO EDUCATIVO BOLIVARIANO,26.138432364096083,113
640,376001042297,CENT EDUC PROGRESEMOS,26.13186813186813,13
641,311001104778,COL INCADE                                                                                          ,26.123989218328834,53
642,385001004259,INST AUTONOMO SHAKESPEARE Y CERVANTES,26.12177985948478,61
643,311001105863,CENT JOHANN KEPLER                                                                                  ,26.10779220779222,275
644,325269003879,CENTRO DE ESTUDIOS HUITAKA,26.105769230769234,52
645,111001034134,COLEGIO CLEMENCIA DE CAYCEDO (IED),26.1038961038961,22
646,350001007093,INSTITUO MAYOR DEL META,26.103174603174608,45
647,376001043595,I.E. DEL VALLE,26.09821428571429,16
648,115238000931,COLEGIO TECNICO MUNICIPAL SIMON BOLIVAR,26.09591836734694,35
649,311001105197,INST IP EDUCANDO LA JUVENTUD FUTURO DE COLOMBIA,26.087912087912088,39
650,350001007557,COLEGIO CORCEL,26.081632653061227,7
651,376001031007,INST SER INTERNACIONAL COMUNA 17,26.07755102040817,70
652,317174000739,COLEGIO LATINOAMERICANO DE OCCIDENTE,26.071428571428573,8
653,368001007138,INSTITUTO SURAMERICANO SIMON BOLIVAR,26.071428571428573,12
654,341551003231,NUEVO MILENIO,26.063492063492067,18
655,305440000994,INSTITUTO REGIONAL COREDI,26.063492063492056,81
656,163130000190,RAFAEL URIBE URIBE,26.057142857142857,10
657,111001098876,COLEGIO CAFAM LA ESPERANZA (IED),26.047619047619047,21
658,166001000344,INST EDUC SAN FERNANDO,26.03296703296703,13
659,368081003791,INSTITUTO METROPOLITANO DE BUCARAMANGA,26.032467532467532,11
660,325126048111,INSTITUTO DE EDUCACIÓN TÉCNICA NUEVO MILENIO,26.014285714285716,5
661,223001006702,INSTITUCION EDUCATIVA EL SABANAL,26.009740259740262,22
662,368276002691,INST DE EDUCACION FORMAL EUSE,26.000000000000004,12
663,376248000554,CENT NOCT PBO FRANCISCO CAMPO,26.0,2
664,185250000201,IE JUAN JOSE RONDON,26.0,5
665,760010911423,CENTRO DE ESTUDIOS INSCAT,25.99206349206349,9
666,368001007294,INSTITUTO EDUCATIVO HORIZONTES,25.991596638655462,17
667,325307001817,COLEGIO DE EDUCACIÓN BÁSICA Y MEDIA ACADÉMICA PARA ADULTOS HEISEMBERG,25.97321428571428,16
668,273001011185,INSTITUCION EDUCATIVA SAN FRANCISCO,25.964285714285715,4
669,185001003542,IE CARLOS LLERAS RESTREPO,25.964285714285715,14
670,354498002559,CORPORACION PEDAGOGICA COLOMBIANA,25.95408163265306,14
671,373168002794,I.E. SAGRADO CORAZON DE JESUS,25.94805194805195,11
672,125754000713,INSTITUCION EDUCATIVA LA DESPENSA,25.948051948051944,22
673,341001005440,COL DE BTO. TECNICO EN COMERCIO Y SISTEMAS HEISENBERG,25.940199335548165,86
674,111001036781,COLEGIO RODRIGO LARA BONILLA (IED),25.93554006968641,41
675,111001076376,COLEGIO MARRUECOS Y MOLINOS (IED),25.92857142857143,2
676,376892000514,COL MIXTO FRAY PEÑA,25.928571428571427,1
677,117380000053,INSTITUCION EDUCATIVA DORADA,25.918367346938776,7
678,305321000245,INSTITUTO REGIONAL COREDI,25.90816326530612,7
679,368001000087,COL  FERNANDO DE ARAGON                                                                             ,25.90791027154664,121
680,352001005969,COL ESTUDIAR AULA SIN FRONTERAS,25.904761904761894,51
681,318001003909,CENTRO DE EDUCACION FORMAL PARA JOVENES Y ADULTOS COMFACA,25.898809523809522,12
682,111001013242,COLEGIO AULAS COLOMBIANAS SAN LUIS (IED]),25.888888888888893,9
683,305001024590,CORP DE PROG DE EDUC SOCIAL - CORPROE,25.885836385836395,117
684,315001003476,COLEGIO DE EDUCACION FORMAL FLEXIBLE SAN MATEO,25.88571428571429,5
685,305001025657,C.E. DE CÓMPUTO EMPRESARIAL PARA EL TRABAJO - CINDECÓPUTO,25.88498789346247,59
686,176001008791,INSTITUCION EDUCATIVA BOYACA,25.881773399014786,29
687,347001007599,INSTITUTO NUEVA ESPERANZA,25.875,16
688,311001091838,COL TRIANGULO PATIO BONITO,25.874564459930305,41
689,373001010485,CENTRO DE ESTUDIOS PROTEA,25.864795918367346,28
690,354518001481,BACHILLERATO DIVERSIFICADO A DISTANCIA PARA ADULTOS DE LA UNAD,25.857142857142858,6
691,305667000951,INSTITUTO REGIONAL COREDI,25.8514739229025,63
692,147001007204,INSTITUCION EDUCATIVA DISTRITAL JUAN MAIGUEL DE OSUNA,25.842857142857145,5
693,376147002529,INSTITUTO MARISCAL JORGE ROBLEDO CARTAGO,25.83571428571429,10
694,376001036122,CENCOES CENTRO COLOMBIANO ESTUDIO SISTEMAS,25.83333333333333,27
695,366001006571,COL DE ENSEÑANZA LATINOAMERICANO,25.83082706766918,19
696,311001104620,COL CAPACITACION 2000                                                                               ,25.820925553319928,71
697,305001007519,LICEO REMINGTON,25.819168173598552,79
698,315681000331,I.E. PABLO VALETTE,25.81773399014778,29
699,350001006933,GIMNASIO INTERACTIVO KAIZEN,25.794642857142854,8
700,376001026887,INSTITUTO  TECNICO CALIMA,25.794642857142854,8
701,105001002526,INST EDUC SAMUEL BARRIENTOS RESTREPO,25.785714285714285,15
702,368001007596,FUNDACION COLEGIO GENERACION FUTURO COLOMBIA,25.782857142857143,25
703,311001105162,CENT SUPERIOR DE ESTUDIOS FINANCIEROS E INFORMATICOS CENPEFI,25.767857142857142,4
704,111001012360,COLEGIO EL JAPON (IED),25.762755102040817,28
705,376520007211,CENT ESTUDIOS OCUPACIONALES CEO,25.759398496240603,19
706,311001108960,CENTRO DE EDUCACION LABORAL,25.7482993197279,42
707,368001007910,FUND EDUCATIVA Y TECNICA HACIA EL PROGRESO INDUSTRIAL - FUNDETEC,25.74285714285714,5
708,311001092290,INSTITUCION EDUCATIVA SAN NICOLAS LTDA,25.738095238095237,21
709,305360002719,CENTRO DE PRODUCCIÓN CULTURAL Y BILINGUE  CEPROBI,25.726190476190478,6
710,308001075742,INSTITUTO TECNICO DE ARTES Y OFICIOS CARL-ROS,25.72564935064936,44
711,376147002536,CENTRO EDUCATIVO COMFAMILIAR CARTAGO,25.717391304347824,23
712,354001011260,COL HOMBRES DEL FUTURO,25.71428571428571,5
713,350001007107,LICEO SANTO TOMÁS,25.70676691729323,19
714,117001000653,INSTITUCIÓN EDUCATIVA ATANASIO GIRARDOT,25.7015306122449,28
715,125430000281,INSTITUCION EDUCATIVA DEPARTAMENTAL SERREZUELA,25.7,5
716,111001010928,COLEGIO RESTREPO MILLAN (IED),25.69940476190476,24
717,376111002533,COL NUESTRA SEÑORA DEL CARMEN,25.69642857142857,4
718,305664000937,INSTITUTO REGIONAL COREDI,25.688311688311686,33
719,350001006852,LICEO REPUBLICA DE COLOMBIA,25.678571428571423,74
720,105088001512,I.E. JORGE ELIECER GAITAN,25.672077922077925,22
721,185010000629,IE JORGE ELIECER GAITAN,25.66558441558442,22
722,376001042050,INSTITUTO ANDRES BELLO COLOMBO AMERICANO,25.663025210084037,85
723,150006001965,IE UNAD (REGIMEN ESPECIAL),25.660714285714285,4
724,311001104450,INSTITUTO EDUCATIVO FUTURO HOY,25.659863945578234,21
725,111001033901,COLEGIO CAMPESTRE MONTE VERDE (IED),25.65476190476191,6
726,317380000951,INSTITUTO SAN FERNANDO FERRINI,25.65306122448979,14
727,325286000899,COL GIMN AMERICANO,25.6501210653753,59
728,305001016861,INSTITUCION EDUCATIVA PEDAGOGICO INTEGRAL,25.642857142857142,3
729,385001004319,CENTRO DE ESTUDIOS E INVESTIGACION VIDA - CEVIDA,25.635714285714283,20
730,376001020978,LICEO SANTA CATALINA LABOURE,25.63492063492063,9
731,311001104841,COLEGIO INETEC,25.628571428571426,15
732,305001024609,COL COMPUSOCIAL,25.621234207968886,294
733,315238000476,COLEGIO MAYOR LEON XIII,25.62053571428571,16
734,376520006532,INST.SIST.DE EDUCACION EMPRESARIAL COLEGIO ISEE ,25.613095238095237,12
735,305001025193,UNION PROFESIONAL PARA LA EDUCACION Y EL TRABAJO UPET,25.61180124223603,23
736,376520006770,ACADEMIA COLOMBIANA DE ENSEÑANZA,25.605042016806724,17
737,166001000069,IE CARLOTA SANCHEZ,25.599999999999998,15
738,376001041602,CENTRO DE ESTUDIOS PARA LOS SISTEMAS DE INFORMACION CESI,25.590476190476192,30
739,311001105952,CORPORACION COLOMBIANA DE FORMACION EMPRESARIAL LA CONCORDIA,25.587822014051522,61
740,152001000793,LIC INTEGD DE BTO UNIVERSIDAD DE NARIÑO,25.58705357142857,32
741,325754004980,COL CENT DE INSTRUCION SISTEMATIZADO,25.571428571428573,13
742,117433000859,INSTITUCION EDUCATIVA MANZANARES,25.566666666666666,15
743,376001032429,CENTRO DOCENTE SANTA ANITA,25.55133928571429,32
744,405837007020,INSTITUCIÓN EDUCATIVA INTEGRADA LA LIBERTAD,25.547619047619047,3
745,315238001758,INST. GESTION INFORMATICA Y GUIA ACADEMICA - GIGA,25.544642857142858,24
746,319001005061,INSTITUTO EMPRESARIAL NUEVO HORIZONTE,25.532967032967033,13
747,176001007115,INSTITUCION EDUCATIVA EL DIAMANTE,25.523809523809526,15
748,311001106151,POLITECNICO LA SALLE                                                                                ,25.522167487684722,29
749,305674000656,INSTITUTO REGIONAL COREDI,25.521889400921655,62
750,319001004475,COL. LOS ALCAZARES,25.521739130434778,46
751,305190000345,INSTITUTO REGIONAL COREDI,25.52142857142857,30
752,376001000489,COL RICAURTE,25.514285714285712,5
753,105001003387,INST EDUC SANTA ROSA DE LIMA,25.507518796992482,38
754,350001006992,CENANFO,25.505102040816325,14
755,111001010031,COLEGIO CEDID SAN PABLO (IED),25.494505494505493,13
756,105667000013,I. E. SAN RAFAEL,25.487577639751557,23
757,313001028891,COLEGIO FERNANDO DE ARAGON DE CARTAGENA,25.48170011806375,121
758,311001105685,LATINOAMERICANA DE SISTEMAS Y EDUCACION LASIT,25.476190476190478,3
759,111001010251,COLEGIO VENECIA (IED),25.471428571428575,35
760,311001109371,CENTRO DE ESTUDIOS SAN BASILIO,25.47142857142857,5
761,319001004371,BTO ACAD CICLICO DEL CAUCA,25.468750000000007,16
762,385440000419,INCETEC INSTITUTO CENTRALIZADO DE ESTUDIOS TECNICOS,25.456043956043956,26
763,305483000711,INSTITUTO REGIONAL COREDI,25.433333333333326,30
764,319001004669,COORPORACION EDUCATIVA DEL SUR OCCIDENTE COLOMBIANO,25.42857142857143,15
765,366682001351,COL COOP NOC,25.428571428571427,35
766,519001000002,CENT EDUCATIVO EMPRESARIAL COMFACAUCA,25.426020408163264,28
767,305001021121,COL BELLO ORIENTE,25.423645320197046,29
768,376001029452,COLEGIO TECNICO JUVENIL DEL SUR,25.42063492063492,18
769,385001004386,LICEO GENERAL DEL CASANARE,25.41836734693877,14
770,350001006607,INSTITUTO POLITECNICO AGROINDUSTRIAL,25.41483516483516,26
771,176001040101,INSTITUCION EDUCATIVA ALFONSO LOPEZ PUMAREJO,25.403361344537817,17
772,325290002151,COL FUND EDUC FUNDETEC,25.401785714285715,8
773,376001043234,TERRA INSTITUTO,25.397619047619052,30
774,311001104760,COL ITEC                                                                                            ,25.397321428571434,32
775,305607000498,INSTITUTO REGIONAL COREDI,25.3952380952381,15
776,319573000747,GIMNACIO CAUCANO DE BACHILLERATO ACADEMICO GICABA,25.392857142857135,22
777,368001005062,COL ACOANDES                                                                                        ,25.387755102040813,7
778,125754002147,INSTITUCION EDUCATIVA  SAN MATEO,25.37732919254658,46
779,373001012194,COLEGIO GIMNASIO PANAMERICANO,25.36507936507937,27
780,305001024623,COL DE DSLLO SOC PARA LA ATENC INTEG AL JOVEN TALITA CUMI,25.364111498257838,41
781,373443001249,SENDAS - MARIQUITA (INST SERV EDUC NAL DE ADULTOS SENDAS),25.36175115207373,31
782,305001022607,INST FERRINI - SEDE CENTRO,25.360544217687078,21
783,473024000490,BACHILLERATO AGROPECUARIO SAT PROHACIENDO,25.354945054945055,65
784,166001001898,IE MARIA DOLOROSA - FRANCISCO JAVIER,25.34873949579832,34
785,376364033011,UNIDAD TECNOLOGICA DE OCCIDENTE,25.340659340659336,13
786,311001106665,COLEGIO INSCAP,25.331501831501832,39
787,163001001325,INEM JOSE CELESTINO MUTIS,25.330241187384043,77
788,111001020320,COLEGIO ISMAEL PERDOMO (IED),25.326530612244902,7
789,150001004621,INSTITUCION EDUCATIVA COL. GUILLERMO NIÑO MEDINA,25.324355971896967,61
790,305021000359,INSTITUTO REGIONAL COREDI,25.323129251700678,21
791,318001003775,ATENEO AUTONOMO DE FLORENCIA,25.32142857142857,2
792,311001106711,COLEGIO BOSTON (ANTIGUO COL EDUC SAN MATEO),25.313664596273295,23
793,376001042319,INST SER INTERNACIONAL SEDE  DIAMANTE,25.304147465437794,31
794,354001011941,INST WINDSOR,25.30357142857143,8
795,376001035657,CENT DOC FEDERICCI,25.2987012987013,11
796,119573000134,I.E. SAGRADO CORAZON,25.297619047619047,6
797,320001068673,GIMNASIO PANAMERICANO,25.267857142857146,16
798,305001000611,INST DE EDUC FORMAL COMPUESTUDIO,25.261904761904763,21
799,405001016946,COL COOP SAN ANTONIO DE PRADO (AC),25.242857142857144,245
800,305697000599,INSTITUTO IBEROLATINO DE EDUCACIÓN SAS INIDE,25.224489795918366,21
801,319001003816,COL BOLIVARIANO POPAYAN,25.214285714285715,1
802,111001092410,COLEGIO LA ESTANCIA -  SAN ISIDRO LABRADOR (IED),25.21428571428571,30
803,225307000824,I.E. TECNICA FRANCISCO MANZANERA HENRIQUEZ,25.20238095238095,6
804,115322000024,I.E. VALLE DE TENZA,25.201298701298697,11
805,425745000332,COL SEMESTRALIZADO SANLUCAS,25.2,5
806,352001006111,BTO MODERNO DE ADULTOS EXTERNADO DEL SUR,25.19402985074627,67
807,305660001030,INSTITUTO REGIONAL COREDI,25.183229813664592,23
808,313001029868,INSTITUTO EDUCATIVO TECNOCIENCIAS REGIÓN CARIBE,25.162337662337663,22
809,376001036963,COLEGIO NUEVO MILENIO,25.158482142857142,32
810,350001005996,CORPORACIÓN EDUCATIVA LICEO MODERNO,25.135714285714286,20
811,305045010240,INSTITUTO DE EDUCACIÒN COMFENALCO,25.13392857142857,8
812,325754005072,COLEGIO SAN JOSE F.E.S.S.J,25.13265306122449,28
813,341001060961,INST DE SERVICOS ACADEMICOS- IDESA,25.112781954887215,19
814,315176001097,CORPORACION SANTO DOMINGO,25.11142857142858,25
815,376520006443,INST NAL DE TECNOLG EMPRESARIAL INTE,25.110491071428573,64
816,341078000785,INSTITUTO DE EXCELENCIA HUMANA Y ACADÉMICA   IDEHA,25.107142857142858,14
817,311001109605,INSTITUTO GERWILL,25.094470046082954,186
818,368001007154,COLEGIO INTEGRAL DE CAPACITACION DE SANTANDER,25.09183673469388,14
819,0,INSTITUCION EDUCATIVA AVANZAR,25.07518796992481,19
820,305001024544,COL NUEVO CERVANTES CONOCER,25.073275862068968,232
821,325754005200,CENTRO DE CAPACITACIÓN BOLÍVAR CENCABO,25.071428571428573,8
822,325286001048,LICEO SANTA MARTHA,25.07142857142857,6
823,305579001336,INSTITUTO REGIONAL COREDI,25.064935064935067,22
824,350001006685,INSTITUTO JORGE TADEO LOZANO,25.06428571428572,10
825,376001036271,COL SENDEROS DE PAZ,25.05102040816326,7
826,350711800001,COLEGIO ANTONIO NARIÑO,25.043956043956044,13
827,376001039016,INSTITUTO  COLOMBIA,25.039575289575286,74
828,476248001032,INST TEC CIAL INSTECOM,25.03896103896104,33
829,305001024229,CORPORACION CIER,25.026578073089695,43
830,311001106118,COL CENAT                                                                                           ,25.025510204081638,28
831,111001013129,COLEGIO CLASS (IED),25.022556390977446,19
832,305649001214,INSTITUTO REGIONAL COREDI,25.020146520146522,39
833,319001004404,BTO FORMAL DE ADULTOS DEL CAUCA,25.01071428571428,20
834,325754005021,INSTITUTO EDUCATIVO COMERCIAL INEC,25.005714285714284,50
835,350001006718,COLEGIO ENTERPRISE,24.988095238095237,6
836,354001011967,COL ASED,24.98701298701299,11
837,376109011479,INSTITUTO DE EDUCACION INTEGRAL JOSE CELESTINO MUTIS,24.96875,16
838,376001030396,COL VIDA NUEVA,24.964285714285715,2
839,376109011002,CENTRO DE FORMACION INTEGRAL MARGARITA HURTADO,24.957142857142856,10
840,320001791561,COLEGIO TECNICO DEL CARIBE,24.95488721804511,38
841,313430001416,COL SAGRADO CORAZON DE JESUS,24.952380952380953,3
842,368276002659,CENT EDUCATIVO INTEGRAL COLOMBIANO,24.94047619047619,6
843,397001002438,INSTITUTO TECNICO NUEVA COLOMBIA,24.93809523809524,15
844,350001007085,INSTITUTO EDUCATIVO ALIANZEN,24.928571428571427,12
845,366170002886,CENTRO EDUCATIVO CIENCIA,24.922077922077918,11
846,305266002071,COLEGIO DE CAPACITACIÓN DE ENVIGADO,24.911255411255407,33
847,111001011029,COLEGIO REINO DE HOLANDA (IED),24.908163265306122,7
848,317380000942,INSTITUTO EDUCATIVO NUEVOS COMIENZOS,24.894088669950744,29
849,350001006678,COL SEMIPRECENCIAL SANTA CRUZ,24.8796992481203,19
850,173001008821,INST EDUC FE Y ALEGRIA,24.86938775510204,35
851,276275000839,IE JOSE MARIA CORDOBA,24.84453781512605,17
852,344001001310,INSTITUTO POLITÉCNICO DEL CARIBE,24.836734693877553,7
853,105001024571,COL VIDA Y PAZ SEDE CENTRO,24.82532751091704,229
854,376001033026,LICEO LATINO,24.822344322344325,39
855,341001061028,LIC ANTONIO NARIÑO ( LICEO AMERICANO),24.821428571428573,6
856,476520003791,COLEGIO SANTA TERESITA DE ROZO,24.81746031746032,9
857,376111032301,INST DE EDUCACION COMFENALCO VALLE,24.814285714285713,5
858,347001053400,CORPORACION TECNICA DEL MAGDALENA,24.80612244897959,14
859,376001043480,INSTITUTO TÉCNICO REGIONAL INTER,24.797802197802202,65
860,376001010611,INST. TEC. CIAL GENERAL SANTANDER,24.7967032967033,13
861,325035000492,INSTITUTO DE EDUCACION INTEGRAL SAN SEBASTIAN,24.785714285714285,1
862,311001108951,COLEGIO EMANUEL RUBIANO,24.773809523809522,12
863,305376000725,INSTITUTO REGIONAL COREDI,24.77142857142857,15
864,320011023813,COLEGIO PARA LA REINTEGRACION INTELECTUAL DEL ORIENTE CORPORIENTE,24.7436974789916,51
865,354001011357,INSTITUCIÓN HUMANÍSTICA INDEP,24.733333333333338,45
866,0,INSTITUTO JOSE CELESTINO MUTIS,24.73015873015873,9
867,376111032254,INST PARA EL DESARROLLO HUMANO INTEGRAL - IDHI,24.728571428571428,5
868,373001012259,FUND EDUC PARA EL DESARROLLO INTEGRAL DEL SER HUMANO FEDISH,24.726190476190478,6
869,625269000075,COL MIGUEL ANGEL CORNEJO,24.72077922077922,33
870,241001001890,CHAPINERO,24.7108843537415,21
871,111001098892,COLEGIO BELLAVISTA (IED),24.70634920634921,27
872,311001093962,ACAD AMERICANA DE SISTEMAS Y COMERCIO                                                               ,24.704761904761906,15
873,319001003310,INSTITUTO MIXTO BILINGÜE PABLO VI,24.7,35
874,194001000763,I.E. CUSTODIO GARCIA ROVIRA,24.664835164835168,13
875,376001043650,CENTRO EDUCATIVO INSCAT,24.66326530612245,28
876,311001106649,CENT PANAMERICANO DE CAPACITACION SEDE ESTRADA,24.658227848101273,79
877,376520000127,LIC MODERNO,24.638775510204084,35
878,320001004522,INSTITUTO RAFAEL NUÑEZ,24.632653061224495,14
879,111001098965,COLEGIO CAFAM SANTA LUCIA (IED),24.5952380952381,6
880,386568061015,COLEGIO ANTONIO NARI¥O,24.587662337662334,22
881,319001004812,COLEGIO SAN CARLOS,24.571428571428573,1
882,308758076517,INSTITUCIÓN EDUCATIVA CONTINENTAL DEL CARIBE,24.564285714285713,10
883,313001000495,COL. OCTAVIANA DEL C. VIVES C,24.554945054945055,13
884,311848000839,COLEGIO TORRES PRECIADO NOCTURNO,24.535714285714285,4
885,313001029264,UNIVERSIDAD NACIONAL ABIERTA Y A DISTANCIA  UNAD,24.50952380952381,15
886,381001001900,INSTITUTO PSICOPEDAGOGICO JUVENIL,24.481366459627328,23
887,168296000033,COLEGIO INTEGRADO ALFONSO GOMEZ GOMEZ,24.4532967032967,26
888,368679001024,CORPORACION EDUCATIVA PARA JOVENES Y ADULTOS GENERAL SANTANDER,24.431818181818187,22
889,405001018213,COLEGIO CEDEPRO,24.42857142857143,6
890,152835000791,IE. IBERIA,24.416925465838503,92
891,166001003980,IE ALFREDO GARCIA,24.390109890109883,13
892,373283001521,INSTITUTO SAN FERNANDO FERRINI,24.38392857142857,24
893,368276002811,INST DE FORMACION EDUCATIVA IFE,24.339285714285715,4
894,305467000336,INSTITUTO REGIONAL COREDI,24.33730158730159,36
895,376147000731,INSTITUTO DE COMERCIO PRACTICO INSCOP,24.33214285714286,20
896,376001028529,COLEGIO SAN IGNACIO DE LOYOLA,24.307142857142857,10
897,319573000761,CENTRO EDUCATIVO SIMIENTE DEL SABER,24.303571428571427,12
898,325175032424,CENTRO EDUCATIVO DE ADULTOS CEAM,24.26190476190476,30
899,305001022798,CORP ESTUDIOS TECNICOS CESTEC,24.25,16
900,354405000900,CENTRO ESTUDIANTIL OCUPACIONAL,24.235714285714288,10
901,347001053043,COLEGIO INSTITUTO TECNICO DEL CARIBE,24.199999999999996,45
902,305361002335,INSTITUTO REGIONAL COREDI,24.199675324675333,44
903,368276002977,COLEGIO INTEGRADO LOS ANDES  CIANDES,24.11038961038961,22
904,117001006279,INSTITUCION EDUCATIVA INSTITUTO MANIZALES,24.104395604395602,26
905,325799000569,CENTRO DE ESTUDIOS HUITAKA                                    ,24.035714285714285,2
906,115693000043,IE CASILDA ZAFRA,24.035714285714285,2
907,381001003431,INSTITUTO GABRIEL GARCÍA MÁRQUEZ - GAMMA,24.03571428571428,24
908,376001000411,COL MIGUEL ANGEL BUONARROTI,24.03105590062112,46
909,325662000701,C.E. NACIONAL DE ADULTO - CENAD,24.0,1
910,311001076545,COL GUSTAVO ROJAS PINILLA                                                                           ,23.985714285714288,5
911,376001043587,CORPORACIÓN EDUCATIVA INTEGRAL DEL VALLE,23.964285714285715,2
912,350001006567,COLEGIO CENACAP,23.94897959183673,35
913,344430002814,CORP. REG. DE FORM. PROF. - CREF,23.912698412698415,9
914,217614000723,INSTITUCION EDUCATIVA BONAFONT,23.870535714285708,16
915,341001060979,COL  TOMAS CIPRIANO DE MOSQUERA,23.857142857142858,16
916,319142001132,BACHILLERATO PARA ADULTOS MARIA AUXILIADORA,23.83333333333333,18
917,540110352640,INSTITUTO DE EDUCACION FORMAL DE ADULTOS BIBLIOTECA PUBLICA JULIO PEREZ FERRERO,23.7967032967033,13
918,141306000058,IE ISMAEL PERDOMO BORRERO,23.779220779220783,11
919,317380000935,CENTRO EDUCATIVO VIDA CEVIDA,23.74107142857143,8
920,305001004871,COL PABLO VI,23.72077922077922,22
921,0,COLEGIO SANTO TOMAS,23.71428571428571,6
922,319698002901,COLEGIO LA SANTISIMA TRINIDAD,23.712624584717613,43
923,125297000800,UNIVERSIDAD NACIONAL ABIERTA Y A DISTANCIA  UNAD  CEAD GACHETA,23.7,10
924,320011001313,LICEO DEL SUR,23.69604863221885,47
925,305088001945,I.E. EL NIQUIA DARÍO LONDOÑO CARDONA,23.65714285714286,15
926,376001006258,COLEGIO EDUARDO SANTOS,23.623809523809523,15
927,354001008583,COL BOLIVARIANO DEL NORTE,23.612244897959187,14
928,405647000443,INSTITUTO REGIONAL COREDI,23.576923076923077,26
929,366001004896,INST METROPOLITANO DE EDUCION COMPUTARIZADO- IME,23.5,3
930,308758078081,CENTRO DE EDUCACION DE ADULTOS NICOLAS GUILLEN,23.47321428571429,8
931,376001033492,LICEO LOS PINOS,23.446428571428573,8
932,376318000735,COL INCANOF,23.43537414965986,21
933,376001011413,CENTRO ACADEMICO ASED,23.414285714285715,5
934,376109007552,COMERCIAL EN SISTEMAS LA MERCED,23.36813186813187,13
935,368307001800,INSTITUTO DE FORMACION EDUCATIVA IFE,23.362433862433868,81
936,305055000959,INSTITUTO REGIONAL COREDI,23.350174216027874,41
937,302006000019,INSTITUTO DE EDUCACION FORMAL Y NO FORMAL ALIANZA ACADEMICA Y CIA LTDA,23.310405643738978,81
938,320013022458,I.E. GABRIEL GARCIA MARQUEZ,23.28571428571429,11
939,113430000003,INST EDUC LICEO JOAQUIN F. VELEZ,23.142857142857142,4
940,476233001711,INST TECNOLG EMPRESARIAL COLOMBIANO,23.083333333333332,12
941,105001000566,INST EDUC CARACAS,23.035714285714285,2
942,354001011720,CENT PRESENCIAL ESTUDIANTIL CENPES,23.00892857142857,40
943,368081000635,UNION SINDICAL OBRERA  USO,22.989285714285714,20
944,319256004051,CENTRO EDUCATIVOS POR CICLOS PARA ADULTOS EL TAMBO CEDCAT,22.908163265306122,7
945,373268001596,INSTITUCION EDUCATIVA CENTEC,22.857142857142858,11
946,319548000820,BACHILLERATO ACADEMICO PARA ADULTOS ALHERSAN,22.83150183150183,39
947,305308000932,INSTITUTO REGIONAL COREDI,22.80204081632653,35
948,376109012874,CENTRO EDUCATIVO SISTEMATISADO DEL PACIFICO,22.707482993197278,21
949,305001022631,CORP ESC EMPRESARIAL DE EDUCACION,22.608108108108112,74
950,347245050242,POLITECNICO DEL MAGDALENA,22.486607142857142,32
951,311001105821,COL CONSEJERIA INTEGRAL PARA LA EDUCACION,22.428571428571427,3
952,31900100402,COLEGIO DE BACHILLERATO NOCTURNO JOSE MARIA CORDOBA,22.428571428571427,1
953,181001000599,INSTITUCION EDUCATIVA FRANCISCO JOSE DE CALDAS,22.357142857142858,2
954,373001012241,INST EDUC FORMAL PARA JOVENES Y ADULTOS PREPAR SAN SEBASTIAN,21.80357142857143,8
955,105088002306,IE GILBERTO ECHEVERRI MEJIA,21.71428571428571,3
956,327001017542,LIC BTO MIGUEL ANGEL MENA,21.285714285714285,4
